numero,titre,slug,theme
1,"أفضل أدوات البحث عن المنتجات الرابحة 2026",afdal-adawat-bahth-montajat-rabiha,"Fondamentaux e-commerce"
2,"أفضل وقت لبدء متجر إلكتروني في السنة (2026)",afdal-waqt-libidayat-matjar,"Fondamentaux e-commerce"
3,"أكبر 7 أخطاء تقتل المتاجر الإلكترونية الجديدة 2026",akbar-7-akhtae-taqtul-almatajir,"Fondamentaux e-commerce"
4,"أمازون FBA أم الماركة الخاصة؟ مقارنة 2026",amazon-fba-am-almarka-alkhassa,"Fondamentaux e-commerce"
5,"الأفلييت أم متجرك الخاص: مقارنة صادقة 2026",affiliate-am-matjaruk,"Fondamentaux e-commerce"
6,"البيع بالجملة أم القطعة الواحدة: أيهما أنسب للمبتدئ؟ 2026",albaye-biljomla-am-alqitaa,"Fondamentaux e-commerce"
7,"البيع على أمازون وإيباي أم متجر مستقل؟ 2026",amazon-ebay-am-matjar-mustaqil,"Fondamentaux e-commerce"
8,"التجارة الإلكترونية أم العقارات للمبتدئ بميزانية صغيرة؟ 2026",tijara-am-alaqarat,"Fondamentaux e-commerce"
9,"التجارة الإلكترونية بدون ظهور: للمحجبات ومن لا يريد الظهور 2026",tijara-bidun-zuhur,"Fondamentaux e-commerce"
10,"التجارة الإلكترونية في فرنسا للعرب: الدليل الكامل 2026",tijara-electroniya-fi-faransa-lil-arab,"Fondamentaux e-commerce"
11,"التجارة الإلكترونية للطلاب: ابدأ بجانب دراستك 2026",tijara-littullab,"Fondamentaux e-commerce"
12,"التداول أم التجارة الإلكترونية: أين تستثمر وقتك ومالك؟ 2026",tadawol-am-tijara-electroniya,"Fondamentaux e-commerce"
13,"التكاليف الخفية في التجارة الإلكترونية التي لا يخبرك بها أحد 2026",takalif-khafiya-fi-tijara,"Fondamentaux e-commerce"
14,"الحماس الزائد ثم الاستسلام: كيف تحافظ على استمراريتك؟ 2026",alhamas-azzaid-thumma-alistislam,"Fondamentaux e-commerce"
15,"الخدمات المصغرة (فايفر) أم بيع المنتجات؟ 2026",fiverr-am-baye-almontajat,"Fondamentaux e-commerce"
16,"الدفع عند الاستلام (COD): كيف يشتغل ولماذا هو ملك المغرب العربي؟ 2026",addafe-aind-alistilam-cod,"Fondamentaux e-commerce"
17,"الدورات المجانية على يوتيوب أم التكوين المدفوع؟ 2026",dawrat-youtube-am-takwin-madfue,"Fondamentaux e-commerce"
18,"العمل الحر (فريلانس) أم التجارة الإلكترونية؟ 2026",freelance-am-tijara,"Fondamentaux e-commerce"
19,"العملات الرقمية أم بزنس حقيقي: لماذا اخترنا التجارة؟ 2026",alaumlat-arraqamiya-am-bizns,"Fondamentaux e-commerce"
20,"الفرق بين الدروبشيبينغ والتجارة الإلكترونية (مقارنة 2026)",alfarq-dropshipping-wa-tijara,"Fondamentaux e-commerce"
21,"اليوتيوب والمحتوى أم التجارة الإلكترونية: أيهما يربح أسرع؟ 2026",youtube-am-tijara,"Fondamentaux e-commerce"
22,"خارطة الطريق الكاملة للمبتدئ في التجارة الإلكترونية 2026",kharitat-attariq-lil-mobtadi,"Fondamentaux e-commerce"
23,"خطة 12 شهراً: من الصفر إلى بزنس مستقر — الدليل الكامل 2026",khittat-12-shahr,"Fondamentaux e-commerce"
24,"خطة عمل متجر إلكتروني لأول 90 يوماً (دليل عملي 2026)",khittat-amal-matjar-90-yawm,"Fondamentaux e-commerce"
25,"فشل متجري الأول: هل أعيد المحاولة أم أستسلم؟ 2026",fashal-matjari-alawal-oied-am-astaslim,"Fondamentaux e-commerce"
26,"قصة نجاح موثقة لطالب في التجارة الإلكترونية 2026",qissat-najah-muwathaqa-talib,"Fondamentaux e-commerce"
27,"قصص نجاح عرب في التجارة الإلكترونية: أرقام حقيقية موثقة 2026",qisas-najah-arab-fi-tijara-electroniya,"Fondamentaux e-commerce"
28,"كم أحتاج من المال لبدء التجارة الإلكترونية؟ 2026",kam-ahtaj-min-almal-lilbidaya,"Fondamentaux e-commerce"
29,"كم تكلفة إنشاء متجر إلكتروني في 2026؟ الميزانية الحقيقية بالأرقام",kam-taklifat-inshaa-matjar-electroni,"Fondamentaux e-commerce"
30,"كم رأس مال أبدأ به متجر دروبشيبينغ صغير؟ (2026)",kam-ras-mal-dropshipping-saghir,"Fondamentaux e-commerce"
31,"كم ساعة في اليوم تحتاج التجارة الإلكترونية؟ 2026",kam-saaa-fi-alyawm,"Fondamentaux e-commerce"
32,"كم من الوقت أحتاج لأرى أول نتائج في التجارة الإلكترونية؟ 2026",kam-min-alwaqt-li-awwal-nataij,"Fondamentaux e-commerce"
33,"كم يربح أصحاب المتاجر الإلكترونية شهرياً؟ أرقام حقيقية 2026",kam-yarbah-ashab-almatajir,"Fondamentaux e-commerce"
34,"كم يستغرق الوصول إلى 3000€ شهرياً؟ (خط زمني واقعي) 2026",kam-yastaghriq-3000-euro,"Fondamentaux e-commerce"
35,"كيف أبدأ التجارة الإلكترونية في الجزائر؟ دليل 2026 خطوة بخطوة",tijara-electroniya-fi-aljazair,"Fondamentaux e-commerce"
36,"كيف أبدأ التجارة الإلكترونية في المغرب؟ دليل 2026 خطوة بخطوة",tijara-electroniya-fi-almaghrib,"Fondamentaux e-commerce"
37,"كيف أبدأ التجارة الإلكترونية من الصفر؟ دليل 9 خطوات عملية 2026",kayfa-abda-tijara-electroniya-min-sifr,"Fondamentaux e-commerce"
38,"كيف أبدأ التجارة الإلكترونية وأنا خائف من الفشل؟ 2026",kayfa-abda-wa-ana-khaif,"Fondamentaux e-commerce"
39,"كيف أبدأ بميزانية صغيرة وأكبر تدريجياً؟ خطة 90 يوم 2026",kayfa-abda-mizaniya-saghira-90-yawm,"Fondamentaux e-commerce"
40,"كيف أبدأ متجراً إلكترونياً في الإمارات؟ 2026",tijara-electroniya-fi-alimarat,"Fondamentaux e-commerce"
41,"كيف أبني ماركة خاصة بدل بيع منتجات عامة؟ 2026",kayfa-abni-marka-khassa,"Fondamentaux e-commerce"
42,"كيف أتعامل مع الموردين وأتفاوض على الأسعار؟ 2026",kayfa-ataamal-mae-almuwaridin,"Fondamentaux e-commerce"
43,"كيف أتعلم التجارة الإلكترونية من البيت؟ 2026",kayfa-ataallam-tijara-min-albayt,"Fondamentaux e-commerce"
44,"كيف أجعل متجري متوافقاً مع الشريعة 100%؟ دليل 2026",kayfa-ajal-matjari-mutawafiq-charia,"Fondamentaux e-commerce"
45,"كيف أحمي ماركتي من النسخ والتقليد؟ 2026",kayfa-ahmi-markati-min-annaskh,"Fondamentaux e-commerce"
46,"كيف أحوّل متجر دروبشيبينغ إلى ماركة؟ 2026",kayfa-ohawil-dropshipping-ila-marka,"Fondamentaux e-commerce"
47,"كيف أحوّل متجري إلى ماركة تُباع بملايين؟ 2026",kayfa-ohawil-matjari-marka-bimalayin,"Fondamentaux e-commerce"
48,"كيف أختار النيش المناسب لمتجري الإلكتروني؟ 2026",kayfa-akhtar-niche-munasib,"Fondamentaux e-commerce"
49,"كيف أربح من التجارة الإلكترونية بدون موقع؟ (2026)",kayfa-arbah-bidun-mawqie,"Fondamentaux e-commerce"
50,"كيف أسعّر منتجاتي بطريقة صحيحة؟ دليل التسعير 2026",kayfa-osaeir-montajati,"Fondamentaux e-commerce"
51,"كيف أعيد استثمار أرباحي الأولى بذكاء؟ 2026",kayfa-oied-istithmar-arbahi,"Fondamentaux e-commerce"
52,"كيف أقلل الطلبات المرفوضة عند التسليم؟ (مشكل COD) 2026",kayfa-oqallil-talabat-marfuda-cod,"Fondamentaux e-commerce"
53,"كيف أوزع ميزانية 500€ لإطلاق متجري؟ 2026",kayfa-ozawie-mizaniyat-500-euro,"Fondamentaux e-commerce"
54,"كيف تختار دورة تجارة إلكترونية جيدة؟ 8 معايير قبل الدفع 2026",kayfa-takhtar-dawrat-tijara-electroniya,"Fondamentaux e-commerce"
55,"كيف يبدأ الموظف التجارة الإلكترونية بساعة إلى ساعتين يومياً؟ 2026",kayfa-yabda-almuwazzaf,"Fondamentaux e-commerce"
56,"كيف يتعاون الزوجان في بناء متجر إلكتروني؟ (قصص ناجحة) 2026",kayfa-yataaawan-azzawjan,"Fondamentaux e-commerce"
57,"لماذا فشلت مع دورات سابقة؟ وكيف تختلف المرة القادمة؟ 2026",limadha-fashalt-mae-dawrat,"Fondamentaux e-commerce"
58,"لماذا يفشل 90% من المبتدئين في التجارة الإلكترونية؟ 2026",limadha-yafshal-90-min-almobtadiin,"Fondamentaux e-commerce"
59,"ما الفرق بين التجارة الإلكترونية والتجارة التقليدية؟ 2026",alfarq-bayna-tijara-electroniya-wataqlidiya,"Fondamentaux e-commerce"
60,"ما هو أفضل مشروع على الإنترنت للمبتدئين في 2026؟ 2026",ma-houa-afdal-machrue-internet,"Fondamentaux e-commerce"
61,"ما هو البراندينغ؟ ولماذا يضاعف أرباحك؟ 2026",ma-houa-albranding,"Fondamentaux e-commerce"
62,"ما هو الدروبشيبينغ؟ وما الفرق بينه وبين نظام الماركة؟ 2026",ma-houa-dropshipping-nizam-almarka,"Fondamentaux e-commerce"
63,"ما هو المنتج الرابح؟ وكيف أجده في 2026؟ دليل عملي",ma-houa-almontaj-arrabih,"Fondamentaux e-commerce"
64,"ما هو هامش الربح المثالي في التجارة الإلكترونية؟ 2026",ma-houa-hamish-arribh-almithali,"Fondamentaux e-commerce"
65,"ما هي أنواع التجارة الإلكترونية؟ وأيها الأنسب للمبتدئ؟ 2026",ma-hiya-anwae-tijara,"Fondamentaux e-commerce"
66,"ما هي التجارة الإلكترونية؟ الدليل الشامل للمبتدئ 2026",ma-hiya-tijara-electroniya,"Fondamentaux e-commerce"
67,"ما هي عيوب التجارة الإلكترونية الحقيقية؟ (2026)",maa-hiya-uyub-tijara,"Fondamentaux e-commerce"
68,"ما هي مراحل إطلاق متجر إلكتروني ناجح؟ 2026",marahil-itlaq-matjar-electroni-najih,"Fondamentaux e-commerce"
69,"متى أسترجع رأس مالي في التجارة الإلكترونية؟ 2026",mata-astarjie-ras-mali,"Fondamentaux e-commerce"
70,"مشروع مربح للمرأة في البيت: التجارة الإلكترونية للأمهات 2026",machrue-murbih-lil-maraa-fil-bayt,"Fondamentaux e-commerce"
71,"من أول مبيعة إلى أول 1000€: المراحل بالتفصيل 2026",min-awwal-mabiaa-ila-1000-euro,"Fondamentaux e-commerce"
72,"من موظف إلى صاحب بزنس: متى وكيف تستقيل بأمان؟ 2026",min-muwazzaf-ila-sahib-bizns,"Fondamentaux e-commerce"
73,"منتج واحد أم متجر عام: أي استراتيجية أربح في 2026؟",montaj-wahid-am-matjar-aam,"Fondamentaux e-commerce"
74,"ميرش باي أمازون للمبتدئين العرب: يستحق؟ 2026",merch-by-amazon-lilarab,"Fondamentaux e-commerce"
75,"هل أحتاج سجلاً تجارياً في السعودية لمتجر إلكتروني؟ 2026",hal-ahtaj-sijil-tijari-saudi,"Fondamentaux e-commerce"
76,"هل أحتاج شهادة أو دراسة لأعمل في التجارة الإلكترونية؟ 2026",hal-ahtaj-shahada-aw-dirasa,"Fondamentaux e-commerce"
77,"هل أدفع ضرائب على أرباح متجري الإلكتروني؟ (حسب البلد) 2026",hal-adfae-daraib-arbah-matjar,"Fondamentaux e-commerce"
78,"هل أستطيع العمل في التجارة الإلكترونية بجانب وظيفتي؟ 2026",hal-astatie-alaml-bijanib-wazifati,"Fondamentaux e-commerce"
79,"هل التجارة الإلكترونية أرخص من فتح محل تقليدي؟ 2026",hal-tijara-arkhas-min-mahal,"Fondamentaux e-commerce"
80,"هل التجارة الإلكترونية حلال أم حرام؟ الجواب الشرعي المفصّل 2026",hal-tijara-electroniya-halal,"Fondamentaux e-commerce"
81,"هل التجارة الإلكترونية صعبة؟ الحقيقة بدون مبالغة 2026",hal-tijara-saaba,"Fondamentaux e-commerce"
82,"هل التجارة الإلكترونية مربحة فعلاً في 2026؟ الجواب الكامل بالأرقام والإثباتات",hal-tijara-electroniya-murbiha-2026,"Fondamentaux e-commerce"
83,"هل الدروبشيبينغ ما زال مربحاً في 2026؟ الجواب الصريح",hal-dropshipping-mazal-murbihan,"Fondamentaux e-commerce"
84,"هل العمر مهم؟ التجارة الإلكترونية بعد الأربعين والخمسين 2026",hal-alumr-muhim,"Fondamentaux e-commerce"
85,"هل يمكن البدء بـ 100 يورو فقط؟ وماذا أحقق بها؟ 2026",hal-yumkin-bidaya-bi-100-euro,"Fondamentaux e-commerce"
86,"هل يمكن النجاح في التجارة الإلكترونية بدون خبرة تقنية؟ 2026",hal-najah-bidun-khibra-taqniya,"Fondamentaux e-commerce"
87,"هل يمكن بدء التجارة الإلكترونية بدون رأس مال (0€)؟ 2026",hal-bidaya-bidun-ras-mal,"Fondamentaux e-commerce"
88,"وظيفة ثانية أم بزنس أونلاين: حسبة الوقت والمال 2026",wazifa-thaniya-am-bizns,"Fondamentaux e-commerce"
89,"قصص عرب نجحوا في التجارة الإلكترونية من أوروبا 2026",qisas-arab-najahu-min-urubba,"Temoignages et histoires"
90,"قصص فشل حقيقية في التجارة الإلكترونية ودروسها 2026",qisas-fashal-haqiqiya,"Temoignages et histoires"
91,"كيف حققت أم تونسية 9000$ في أقل من 12 ساعة؟ (قصة موثقة) 2026",qissat-um-tunisiya-9000,"Temoignages et histoires"
92,"كيف وصل متجر إلى 368 ألف دولار في شهر واحد؟ (تحليل كامل) 2026",kayfa-wasal-matjar-368-alf,"Temoignages et histoires"
93,"من اللجوء إلى البزنس: كيف بدأ لاجئون عرب تجارتهم في أوروبا 2026",min-allujue-ila-albizns,"Temoignages et histoires"
94,"من راتب 1100€ إلى 50 ألف يورو في شهر: قصة من إيطاليا 2026",qissat-sufyan-min-italia,"Temoignages et histoires"
95,"«اربح 10000$ في أسبوع»: كيف تميّز الوعود الكاذبة؟ 2026",kayfa-tomayyiz-alwuiud-alkadiba,"Choix de formation"
96,"كيف تعرف الدورات النصابة من الجادة؟ علامات تكشف الاحتيال 2026",kayfa-taarif-addawrat-annassaba,"Choix de formation"
97,"البيع أونلاين في اليمن: طرق عملية للبداية (2026)",albaye-online-yemen,"Par pays"
98,"البيع في أوروبا وأنت مقيم في المغرب: ممكن؟ وكيف؟ 2026",albaye-fi-urubba-min-almaghrib,"Par pays"
99,"التجارة الإلكترونية في إسبانيا للعرب (دليل autónomo 2026)",tijara-electroniya-isbania-autonomo,"Par pays"
100,"التجارة الإلكترونية في الأردن: دليل البداية (2026)",tijara-electroniya-fil-urdun,"Par pays"
101,"التجارة الإلكترونية في السودان: الفرص والتحديات (2026)",tijara-electroniya-fi-sudan,"Par pays"
102,"التجارة الإلكترونية في العراق: كيف تبدأ؟ (دليل 2026)",tijara-electroniya-fil-iraq,"Par pays"
103,"التجارة الإلكترونية في بلجيكا وهولندا للعرب المقيمين 2026",tijara-fi-belgika-wahollanda,"Par pays"
104,"التجارة الإلكترونية في سوريا وبدائل الدفع (دليل 2026)",tijara-electroniya-fi-suria,"Par pays"
105,"التجارة الإلكترونية في عُمان والمنتجات الرائجة (2026)",tijara-electroniya-fi-oman,"Par pays"
106,"التجارة الإلكترونية في كندا للمهاجرين العرب (دليل 2026)",tijara-electroniya-kanada,"Par pays"
107,"التجارة الإلكترونية في لبنان رغم الأزمة (دليل 2026)",tijara-electroniya-fi-lubnan,"Par pays"
108,"التجارة الإلكترونية في مصر: الفرص والتحديات 2026",tijara-electroniya-fi-misr,"Par pays"
109,"التجارة الإلكترونية في موريتانيا للمبتدئين (دليل 2026)",tijara-electroniya-fi-muritania,"Par pays"
110,"التجارة الإلكترونية في هولندا ونظام iDEAL (دليل 2026)",tijara-electroniya-hollanda-ideal,"Par pays"
111,"الدروبشيبينغ في أستراليا بالعربية (دليل ABN 2026)",dropshipping-australia-abn,"Par pays"
112,"تكلفة وتراخيص متجر إلكتروني في الإمارات (دليل 2026)",taklifat-taraxis-matjar-imarat,"Par pays"
113,"سوق الكويت وقطر والبحرين: فرص التجارة الإلكترونية الصغيرة 2026",suq-alkuwait-qatar-albahrain,"Par pays"
114,"شوبيفاي في الأردن: طريقة الدفع وبدائلها (دليل 2026)",shopify-fil-urdun,"Par pays"
115,"شوبيفاي في العراق: هل متاح وكيف تتعامل معه؟ (2026)",shopify-fil-iraq,"Par pays"
116,"شوبيفاي في الكويت: بوابات الدفع والبدائل (دليل 2026)",shopify-fil-kuwait,"Par pays"
117,"كيف أبدأ التجارة الإلكترونية في السعودية؟ متطلبات 2026",tijara-electroniya-fi-assaudia,"Par pays"
118,"كيف أبدأ التجارة الإلكترونية في تونس؟ دليل 2026",tijara-electroniya-fi-tunis,"Par pays"
119,"كيف أبدأ بزنس أونلاين في ألمانيا كمقيم عربي؟ 2026",bizns-online-fi-almania,"Par pays"
120,"كيف أبيع في السوق السعودي وأنا خارج السعودية؟ 2026",kayfa-abie-fi-assuq-assaudi,"Par pays"
121,"كيف تبدأ التجارة الإلكترونية في ليبيا؟ (دليل المبتدئ 2026)",tijara-electroniya-fi-libia,"Par pays"
122,"كيف تبدأ تجارة إلكترونية في إيطاليا؟ (دليل partita IVA 2026)",tijara-electroniya-italia-partita-iva,"Par pays"
123,"كيف تبدأ دروبشيبينغ في أمريكا بالعربية؟ (دليل LLC 2026)",dropshipping-amrica-llc,"Par pays"
124,"كيف تبدأ متجراً إلكترونياً في السويد بالعربي؟ (دليل 2026)",tijara-electroniya-suwid,"Par pays"
125,"كيف تبدأ متجراً إلكترونياً في فلسطين؟ (دليل المبتدئ 2026)",matjar-electroni-filastin,"Par pays"
126,"كيف تبدأ متجراً إلكترونياً في قطر؟ (دليل 2026)",matjar-electroni-qatar,"Par pays"
127,"هل أبيع للسوق الأوروبي أم العربي وأنا في أوروبا؟ 2026",albaye-lilurubbi-am-alarabi,"Par pays"
128,"أخطاء اختيار المنتج التي تحرق ميزانيتك في التجارة الإلكترونية 2026",akhtae-ikhtiyar-almontaj,"Produits, recherche et fournisseurs"
129,"أخطاء اختيار النيش الشائعة (وكيف تتجنّبها 2026)",akhtae-ikhtiyar-niche,"Produits, recherche et fournisseurs"
130,"أدوات التجسّس على متاجر المنافسين (دليل 2026)",adawat-tajassus-almunafisin,"Produits, recherche et fournisseurs"
131,"أفضل المنتجات التي تنجح في إعلانات سناب الخليج (2026)",afdal-montajat-snapchat-khalij,"Produits, recherche et fournisseurs"
132,"أفضل المنتجات الرابحة في السوق العراقي: كيف تجدها؟ (2026)",afdal-montajat-aliraq,"Produits, recherche et fournisseurs"
133,"أفضل المنتجات مبيعاً في السوق المغاربي 2026",afdal-almontajat-fi-almaghrib,"Produits, recherche et fournisseurs"
134,"أفضل منصّات الطباعة عند الطلب للعرب (دليل 2026)",afdal-mansat-pod-lil-arab,"Produits, recherche et fournisseurs"
135,"أفضل منصّات الموردين للسوق الخليجي (دليل 2026)",afdal-mansat-muwaridin-khalij,"Produits, recherche et fournisseurs"
136,"أفضل نيش لمنتجات الأطفال في الدروبشيبينغ (دليل 2026)",niche-montajat-atfal,"Produits, recherche et fournisseurs"
137,"أين أجد موردين موثوقين لمتجري الإلكتروني؟ 2026",ayna-ajid-muwaridin-mawthuqin,"Produits, recherche et fournisseurs"
138,"الشراء من علي اكسبريس (AliExpress) للدروبشيبينغ: دليل 2026",shira-min-aliexpress,"Produits, recherche et fournisseurs"
139,"الفرق بين المنتج الموسمي والمنتج الدائم (دليل 2026)",alfarq-montaj-mawsimi-daim,"Produits, recherche et fournisseurs"
140,"الفرق بين الوكيل والمورّد في الدروبشيبينغ (دليل 2026)",alfarq-wakil-wa-muwarid,"Produits, recherche et fournisseurs"
141,"المنتجات الأكثر طلباً في الخليج 2026",almontajat-alaktar-talaban-alkhalij,"Produits, recherche et fournisseurs"
142,"بدائل علي إكسبريس للدروبشيبينغ (دليل 2026)",badail-aliexpress,"Produits, recherche et fournisseurs"
143,"بيع المنتجات الرقمية أم الفيزيائية: أيهما أسهل وأربح؟ 2026",almontajat-arraqamiya-am-alfiziyaiya,"Produits, recherche et fournisseurs"
144,"دليل الشراء من علي بابا (Alibaba) للتجار العرب 2026",dalil-shira-min-alibaba,"Produits, recherche et fournisseurs"
145,"علي بابا أم علي اكسبريس: أيهما أفضل لمتجرك؟ (مقارنة 2026)",alibaba-am-aliexpress,"Produits, recherche et fournisseurs"
146,"كيف أبيع منتجات رقمية بدون مخزون؟ (دليل 2026)",kayfa-abie-montajat-raqamiya,"Produits, recherche et fournisseurs"
147,"كيف أختبر فكرة منتج قبل البدء؟ (دليل 2026)",kayfa-akhtabir-fikrat-montaj,"Produits, recherche et fournisseurs"
148,"كيف أعرف أن منتجاً ما سيبيع قبل أن أستثمر فيه؟ 2026",kayfa-aarif-anna-montajan-sayabie,"Produits, recherche et fournisseurs"
149,"كيف تتجنّب المورّد المحتال في الدروبشيبينغ؟ (دليل 2026)",kayfa-atajannab-muwarid-muhtal,"Produits, recherche et fournisseurs"
150,"كيف تجد منتجاً رابحاً من تيك توك؟ (دليل 2026)",kayfa-ajid-montaj-min-tiktok,"Produits, recherche et fournisseurs"
151,"كيف تطلب عيّنة من المورّد قبل البيع؟ (دليل 2026)",kayfa-atlub-ayyina-muwarid,"Produits, recherche et fournisseurs"
152,"كيف تعرف أن المنتج مشبع؟ (دليل 2026)",kayfa-aarif-montaj-mushbae,"Produits, recherche et fournisseurs"
153,"كيف تعرف الطلب على منتج في بلد معيّن؟ (دليل 2026)",kayfa-aarif-attalab-balad,"Produits, recherche et fournisseurs"
154,"كيف تقيّم هامش الربح قبل اختيار المنتج؟ (دليل 2026)",kayfa-oqayyim-hamish-arribh,"Produits, recherche et fournisseurs"
155,"ما هو البرينت أون ديماند (Print on Demand)؟ وكيف أبدأ؟ (2026)",ma-houa-print-on-demand,"Produits, recherche et fournisseurs"
156,"ما هي أفضل النيشات الرابحة في 2026؟ 2026",ma-hiya-afdal-annichat,"Produits, recherche et fournisseurs"
157,"منتجات رابحة لرمضان والأعياد (دليل موسمي 2026)",montajat-ramadan-aiad,"Produits, recherche et fournisseurs"
158,"منتجات رابحة لفصل الصيف في الدروبشيبينغ (دليل 2026)",montajat-rabiha-sayf,"Produits, recherche et fournisseurs"
159,"منتجات رابحة للموسم الدراسي (دليل 2026)",montajat-mawsim-dirasi,"Produits, recherche et fournisseurs"
160,"موردون دروبشيبينغ في تركيا للعرب (دليل 2026)",muwaridin-turkia,"Produits, recherche et fournisseurs"
161,"موردون لمنتجات رقمية للبيع (دليل 2026)",muwaridin-montajat-raqamiya,"Produits, recherche et fournisseurs"
162,"موردون محليون للدروبشيبينغ في الخليج (دليل 2026)",muwaridin-mahalliyin-khalij,"Produits, recherche et fournisseurs"
163,"نيش الأدوات المنزلية الذكية في الدروبشيبينغ (دليل 2026)",niche-adawat-manziliya-dhakiya,"Produits, recherche et fournisseurs"
164,"نيش الإكسسوارات والمجوهرات أونلاين (دليل 2026)",niche-aksisswarat-mujawharat,"Produits, recherche et fournisseurs"
165,"نيش المنتجات الدينية والإسلامية أونلاين (دليل 2026)",niche-montajat-diniya,"Produits, recherche et fournisseurs"
166,"نيش المنتجات الرياضية واللياقة في الدروبشيبينغ (دليل 2026)",niche-montajat-riyadiya,"Produits, recherche et fournisseurs"
167,"نيش مستلزمات الحيوانات الأليفة في الخليج (دليل 2026)",niche-mustalzamat-hayawanat,"Produits, recherche et fournisseurs"
168,"نيش منتجات التخييم والرحلات في الدروبشيبينغ (دليل 2026)",niche-montajat-takhyim,"Produits, recherche et fournisseurs"
169,"نيش منتجات الديكور المنزلي الرابحة (دليل 2026)",niche-montajat-dikor,"Produits, recherche et fournisseurs"
170,"نيش منتجات السيارات وإكسسواراتها (دليل 2026)",niche-montajat-sayarat,"Produits, recherche et fournisseurs"
171,"نيش منتجات الصحّة واللياقة للنساء (دليل 2026)",niche-montajat-sihha-nisaa,"Produits, recherche et fournisseurs"
172,"نيش منتجات العرسان وحفلات الزفاف (دليل 2026)",niche-montajat-arsan,"Produits, recherche et fournisseurs"
173,"نيش منتجات العناية بالبشرة للرجال (دليل 2026)",niche-inaya-bashra-rijal,"Produits, recherche et fournisseurs"
174,"نيش منتجات المطبخ المنزلي الرابحة (دليل 2026)",niche-montajat-matbakh,"Produits, recherche et fournisseurs"
175,"أخطاء المبتدئين في إعلانات فيسبوك (وكيف تتجنّبها 2026)",akhtae-almobtadiin-facebook,"Publicite et marketing"
176,"أسرار الإعلانات الناجحة في 2026: ما تغيّر وما بقي",asrar-alielanat-annajiha-2026,"Publicite et marketing"
177,"أفضل الكلمات المفتاحية لمتجر إلكتروني عربي (دليل SEO 2026)",afdal-kalimat-muftahiya-seo,"Publicite et marketing"
178,"أفضل وقت لنشر فيديو منتج على تيك توك (2026)",afdal-waqt-nashr-tiktok,"Publicite et marketing"
179,"إعلانات Google Shopping للمتاجر: متى وكيف؟ 2026",ielanat-google-shopping,"Publicite et marketing"
180,"إعلانات تيك توك في العراق: طريقة الدفع (دليل 2026)",ielanat-tiktok-aliraq-dafe,"Publicite et marketing"
181,"إعلانات تيك توك للتجارة الإلكترونية: الدليل الشامل 2026",ielanat-tiktok-lil-tijara-electroniya,"Publicite et marketing"
182,"إعلانات جوجل (Google Ads) للمتاجر الإلكترونية: دليل المبتدئ 2026",ielanat-google-ads,"Publicite et marketing"
183,"إعلانات سناب شات للسوق الخليجي: دليل عملي 2026",ielanat-snapchat-lilkhalij,"Publicite et marketing"
184,"إعلانات فيسبوك أم تيك توك: أيهما أفضل لمنتجي؟ 2026",ielanat-facebook-am-tiktok,"Publicite et marketing"
185,"إعلانات فيسبوك في سوريا: بدائل الدفع (دليل 2026)",ielanat-facebook-suria-dafe,"Publicite et marketing"
186,"استراتيجية الإعلانات في رمضان والمواسم 2026",istratijiyat-ielanat-ramadan,"Publicite et marketing"
187,"الإعلان بالمؤثرين: كيف أختار وكم أدفع؟ 2026",ielan-bilmuathirin,"Publicite et marketing"
188,"التسويق بالعمولة لأصحاب المتاجر الإلكترونية (دليل 2026)",attaswiq-bilaumula-li-ashab-almatajir,"Publicite et marketing"
189,"التسويق عبر البريد الإلكتروني للمتاجر: يستحق أم لا؟ 2026",attaswiq-aabr-albarid,"Publicite et marketing"
190,"الذكاء الاصطناعي في الإعلانات: الاستهداف والتحسين الذكي 2026",alai-fi-alielanat,"Publicite et marketing"
191,"السيو للمتاجر الإلكترونية: كيف أظهر في جوجل؟ 2026",seo-lilmatajir,"Publicite et marketing"
192,"الفرق بين CBO و ABO في إعلانات فيسبوك (مقارنة 2026)",alfarq-cbo-abo,"Publicite et marketing"
193,"المحتوى أم الإعلانات: من أين أبدأ بميزانية محدودة؟ 2026",almuhtawa-am-alielanat,"Publicite et marketing"
194,"تكلفة إعلانات سناب شات في الخليج: ما يحدّدها (2026)",taklifat-ielanat-snapchat-khalij,"Publicite et marketing"
195,"حساب الإعلانات تم حظره: الأسباب والحلول 2026",hisab-ielanat-mahzur,"Publicite et marketing"
196,"دفع إعلانات تيك توك عن طريق فوري (دليل 2026)",dafe-ielanat-tiktok-fawry,"Publicite et marketing"
197,"سياسة إعلانات فيسبوك للمنتجات الممنوعة (دليل 2026)",siyasat-facebook-montajat-mamnua,"Publicite et marketing"
198,"شرح مدير إعلانات تيك توك (TikTok Ads Manager) للمبتدئين 2026",tiktok-ads-manager-lil-mobtadi,"Publicite et marketing"
199,"شرح مدير إعلانات فيسبوك (Facebook Ads Manager) خطوة بخطوة 2026",facebook-ads-manager-khutwa,"Publicite et marketing"
200,"شرح منصّة إدارة إعلانات سناب شات للمبتدئين (2026)",snapchat-ads-manager-sharh,"Publicite et marketing"
201,"طرق دفع إعلانات فيسبوك في مصر: فوري وفودافون كاش 2026",dafe-ielanat-facebook-misr-fawry,"Publicite et marketing"
202,"كم أحتاج ميزانية لإعلانات فيسبوك كمبتدئ؟ 2026",kam-mizaniyat-ielanat-facebook-lil-mobtadi,"Publicite et marketing"
203,"كم فيديو يومياً أنشر لأبني جمهوراً يشتري؟ 2026",kam-video-yawmiyan,"Publicite et marketing"
204,"كيف أبني صفحة إنستغرام لماركتي من الصفر؟ 2026",kayfa-abni-safhat-instagram,"Publicite et marketing"
205,"كيف أجلب زبائن لمتجري بدون إعلانات مدفوعة؟ 2026",kayfa-ajlib-zabain-bidun-ielanat,"Publicite et marketing"
206,"كيف أختبر عدة منتجات بأقل ميزانية ممكنة؟ 2026",kayfa-akhtabir-montajat-aqal-mizaniya,"Publicite et marketing"
207,"كيف أربح من تيك توك أورغانيك؟ متجر + محتوى (دليل 2026)",kayfa-arbah-min-tiktok-organic,"Publicite et marketing"
208,"كيف أستهدف الجمهور الصحيح في إعلاناتي؟ دليل 2026",kayfa-astahdif-aljomhour-assahih,"Publicite et marketing"
209,"كيف أستهدف جمهور دولة عربية محدّدة في إعلاناتي؟ (2026)",kayfa-astahdif-dawla-arabiya,"Publicite et marketing"
210,"كيف أصنع Reels تجلب مبيعات حقيقية؟ 2026",kayfa-asnae-reels,"Publicite et marketing"
211,"كيف أصنع فيديو إعلاني يبيع بدون ظهور وجهي؟ 2026",kayfa-asnae-video-ielani-bidun-zuhur,"Publicite et marketing"
212,"كيف أصنع فيديو منتج يصبح فيروسياً؟ (دليل 2026)",kayfa-asnae-video-viral,"Publicite et marketing"
213,"كيف أعلن على فيسبوك وإنستغرام؟ دليل المبتدئ الكامل 2026",kayfa-oelin-ala-facebook-instagram,"Publicite et marketing"
214,"كيف أعيد استهداف الزوار الذين لم يشتروا؟ Retargeting 2026",kayfa-oied-istihdaf-azzuwar-retargeting,"Publicite et marketing"
215,"كيف أكتب نص إعلاني (Copy) يجذب النقرات؟ 2026",kayfa-aktub-nas-ielani-copy,"Publicite et marketing"
216,"كيف أوسّع (Scale) إعلاناً رابحاً بدون أن أحرقه؟ 2026",kayfa-owassie-scale-ielan-rabih,"Publicite et marketing"
217,"لماذا أخسر المال في إعلاناتي؟ وكيف أوقف النزيف؟ 2026",limadha-akhsar-almal-fi-ielanati,"Publicite et marketing"
218,"لماذا لا تبيع إعلاناتي؟ الأخطاء العشرة الشائعة 2026",limadha-la-tabie-ielanati-akhtae,"Publicite et marketing"
219,"لماذا لا تظهر إعلاناتي على فيسبوك؟ (أسباب وحلول 2026)",limadha-la-tazhar-ielanati,"Publicite et marketing"
220,"ما هو البيكسل (Pixel)؟ ولماذا هو أهم أداة في إعلاناتك؟ 2026",ma-houa-albixel-pixel,"Publicite et marketing"
221,"ما هو الـ ROAS؟ وكيف أحسب ربحية إعلاناتي؟ 2026",ma-houa-roas-ribhiyat-ielanat,"Publicite et marketing"
222,"متى أوقف إعلاناً خاسراً؟ ومتى أصبر عليه؟ 2026",mata-oqif-ielan-khasir,"Publicite et marketing"
223,"مقاسات إعلانات سناب شات الصحيحة 2026",maqasat-ielanat-snapchat,"Publicite et marketing"
224,"مكتبة إعلانات تيك توك: كيف تجد المنتجات الرابحة؟ (2026)",maktabat-ielanat-tiktok,"Publicite et marketing"
225,"واتساب بزنس للمتاجر: كيف أستعمله للبيع والمتابعة؟ 2026",whatsapp-business-lilmatajir,"Publicite et marketing"
226,"أفضل بوابات الدفع للمتاجر العربية (معايير الاختيار 2026)",afdal-bawabat-dafe-arabiya,"Paiement et logistique"
227,"أفضل بوابات الدفع للمتاجر في الكويت (KNET ومعاييرها 2026)",bawabat-dafe-kuwait-knet,"Paiement et logistique"
228,"أفضل بوابات الدفع لمتجر سعودي (معايير الاختيار 2026)",bawabat-dafe-saudi,"Paiement et logistique"
229,"أفضل شركات التوصيل في الجزائر للتجارة الإلكترونية 2026",afdal-sharikat-attawsil-aljazair,"Paiement et logistique"
230,"أفضل شركات التوصيل في العراق للمتاجر (معايير 2026)",afdal-sharikat-tawsil-iraq,"Paiement et logistique"
231,"أفضل شركات التوصيل للمتاجر في المغرب 2026",afdal-sharikat-attawsil-almaghrib,"Paiement et logistique"
232,"أفضل شركات الشحن الدولي للتجارة الإلكترونية (معايير 2026)",afdal-sharikat-shahn-dawli,"Paiement et logistique"
233,"أفضل شركات الشحن: أرامكس vs DHL vs سمسا vs ناقل (مقارنة 2026)",afdal-sharikat-ashahn-muqarana,"Paiement et logistique"
234,"الشحن الدولي مع DHL للمتجر الإلكتروني (دليل 2026)",ashahn-addawli-mae-dhl,"Paiement et logistique"
235,"الشحن مع أرامكس (Aramex) للتجار: دليل عملي 2026",ashahn-mae-aramex,"Paiement et logistique"
236,"الشحن مع سمسا (SMSA) داخل الخليج: دليل عملي 2026",ashahn-mae-smsa-alkhalij,"Paiement et logistique"
237,"الفرق بين الدفع عند الاستلام والدفع المسبق (مقارنة 2026)",alfarq-cod-wal-dafe-musbaq,"Paiement et logistique"
238,"بدائل سترايب (Stripe) في الدول العربية (دليل 2026)",badail-stripe-arabiya,"Paiement et logistique"
239,"بوابات الدفع المتاحة للمتاجر في تونس (معايير 2026)",bawabat-dafe-tunis,"Paiement et logistique"
240,"بوابات الدفع للمتاجر في البحرين (Benefit ومعاييرها 2026)",bawabat-dafe-bahrain-benefit,"Paiement et logistique"
241,"خدمة العملاء للمتاجر: الرسائل الجاهزة والأدوات 2026",khidmat-alumalaa-lilmatajir,"Paiement et logistique"
242,"سترايب (Stripe): كيف أفتح حساباً وأنا في بلد غير مدعوم؟ 2026",stripe-fi-balad-ghayr-madaum,"Paiement et logistique"
243,"شركات الشحن والتوصيل في الأردن للمتاجر (دليل 2026)",sharikat-shahn-urdun,"Paiement et logistique"
244,"كم تستغرق مدة الشحن؟ وكيف أتعامل مع زبون مستعجل؟ 2026",kam-tastaghriq-muddat-ashahn,"Paiement et logistique"
245,"كم يستغرق الشحن من الصين بالدروبشيبينغ؟ (2026)",kam-yastaghriq-shahn-min-assin,"Paiement et logistique"
246,"كيف أتابع طلباتي وأرسلها أوتوماتيكياً؟ 2026",kayfa-atabie-talabati,"Paiement et logistique"
247,"كيف أتعامل مع طلبات الاسترجاع والاستبدال؟ 2026",kayfa-ataamal-mae-alistirjae,"Paiement et logistique"
248,"كيف أحسب تكلفة الشحن في متجري؟ (دليل عملي 2026)",kayfa-ahsib-taklifat-ashahn,"Paiement et logistique"
249,"كيف أختار وكيل شحن (Agent) موثوق؟ 2026",kayfa-akhtar-wakil-shahn,"Paiement et logistique"
250,"لماذا يرفض العملاء الدفع عند الاستلام؟ (وكيف تعالجه 2026)",limadha-yarfud-alumalaa-cod,"Paiement et logistique"
251,"ماذا أفعل عندما يصل المنتج تالفاً للزبون؟ 2026",madha-afal-montaj-talif,"Paiement et logistique"
252,"مشاكل التوصيل في الدروبشيبينغ وحلولها (دليل 2026)",mashakil-attawsil-dropshipping,"Paiement et logistique"
253,"نسبة المرتجعات في الدفع عند الاستلام: كيف تفهمها وتخفّضها (2026)",nisbat-almurtajaat-cod,"Paiement et logistique"
254,"10 أدوات ذكاء اصطناعي مجانية لكل صاحب متجر 2026",ashr-adawat-ai-majaniya,"Outils et IA"
255,"أتمتة خدمة العملاء بالذكاء الاصطناعي: الأدوات والطرق 2026",atmatat-khidmat-alumalaa-bilai,"Outils et IA"
256,"أفضل أدوات الذكاء الاصطناعي لصناعة صور المنتجات 2026",afdal-adawat-ai-suwar-almontajat,"Outils et IA"
257,"أفضل أدوات الذكاء الاصطناعي لكتابة وصف المنتجات 2026",afdal-adawat-ai-wasf-montajat,"Outils et IA"
258,"أفضل تطبيقات ربط الموردين بشوبيفاي (دليل 2026)",afdal-tatbiqat-rabt-muwaridin,"Outils et IA"
259,"أفضل تطبيقات شوبيفاي الضرورية لمتجرك 2026",afdal-tatbiqat-shopify,"Outils et IA"
260,"أفضل قوالب شوبيفاي المجانية والمدفوعة 2026",afdal-qawalib-shopify,"Outils et IA"
261,"التكاليف الحقيقية لشوبيفاي: الاشتراك والرسوم الخفية 2026",takalif-haqiqiya-shopify-rusum-khafiya,"Outils et IA"
262,"شوبيفاي أم سلة أم يوكان؟ المقارنة الكاملة 2026 (الأفضل لك)",shopify-am-salla-am-youcan,"Outils et IA"
263,"شوبيفاي أم ووكومرس: أيهما أفضل للمبتدئ العربي؟ 2026",shopify-am-woocommerce,"Outils et IA"
264,"كم سعر اشتراك شوبيفاي؟ كل الخطط بالتفصيل 2026",kam-siar-ishtirak-shopify,"Outils et IA"
265,"كيف أبني متجراً كاملاً بمساعدة الذكاء الاصطناعي في يوم واحد؟ 2026",kayfa-abni-matjar-bilai-fi-yawm,"Outils et IA"
266,"كيف أحسّن سرعة متجري على شوبيفاي؟ 2026",kayfa-ohassin-suraat-matjar-shopify,"Outils et IA"
267,"كيف أربط وسائل الدفع بمتجر شوبيفاي؟ 2026",kayfa-arbit-wasail-addafe-shopify,"Outils et IA"
268,"كيف أصنع فيديوهات إعلانية بالذكاء الاصطناعي؟ 2026",kayfa-asnae-videohat-bilai,"Outils et IA"
269,"كيف أنشئ متجر شوبيفاي خطوة بخطوة بالعربية؟ دليل 2026",kayfa-onshie-matjar-shopify,"Outils et IA"
270,"كيف تستخدم ChatGPT في التجارة الإلكترونية؟ أمثلة وبرومبتات 2026",chatgpt-fi-tijara-electroniya,"Outils et IA"
271,"كيف تستخدم الذكاء الاصطناعي في التجارة الإلكترونية؟ 2026",dhakaa-istinai-fi-tijara-electroniya,"Outils et IA"
272,"هل سيقتل الذكاء الاصطناعي التجارة الإلكترونية أم يطورها؟ 2026",hal-sayaqtul-alai-tijara,"Outils et IA"
273,"هل يمكن إنشاء متجر شوبيفاي بالعربية بالكامل؟ 2026",hal-yumkin-matjar-shopify-bilarabiya,"Outils et IA"
274,"أخطاء تسعير المنتجات في المتجر (وكيف تتجنّبها 2026)",akhtae-tasir-almontajat,"Legal, fiscalite et couts"
275,"أفضل بوابات الدفع في الخليج (مدى وتابي وتمارا) 2026",afdal-bawabat-addafe-alkhalij,"Legal, fiscalite et couts"
276,"الإقرار الضريبي لأصحاب المتاجر الإلكترونية (دليل توعوي 2026)",aliqrar-addaribi-li-ashab-almatajir,"Legal, fiscalite et couts"
277,"التصريح بالدخل من التجارة الإلكترونية في فرنسا وأوروبا 2026",attasrih-bidakhl-fi-faransa,"Legal, fiscalite et couts"
278,"الرقم الضريبي للتاجر الإلكتروني: كيف تستخرجه؟ (دليل توعوي 2026)",arraqm-addaribi-lil-tajir,"Legal, fiscalite et couts"
279,"الفرق بين التهرب الضريبي والتحسين الضريبي لأصحاب المتاجر 2026",alfarq-tahrub-watahsin-daribi,"Legal, fiscalite et couts"
280,"حقوق الصور والمحتوى: ماذا يمكنني استعماله في إعلاناتي؟ 2026",huquq-asuwar-walmuhtawa,"Legal, fiscalite et couts"
281,"حكم إعلانات فيسبوك الممولة شرعاً: نظرة عامّة (2026)",hukm-ielanat-facebook-sharaan,"Legal, fiscalite et couts"
282,"حكم بيع ما لا تملك في الدروبشيبينغ: آراء العلماء والحلول 2026",hukm-baye-ma-la-tamlik,"Legal, fiscalite et couts"
283,"سياسة الإرجاع وشروط الاستخدام: قوالب جاهزة لمتجرك 2026",siyasat-alirjae-washurut,"Legal, fiscalite et couts"
284,"ضرائب التجارة الإلكترونية في العراق: نظرة عامّة (2026)",daraib-tijara-aliraq,"Legal, fiscalite et couts"
285,"ضرائب وزكاة المتجر الإلكتروني في السعودية (دليل 2026)",daraib-zakat-matjar-saudi,"Legal, fiscalite et couts"
286,"ضريبة Kleinunternehmer للدروبشيبينغ في ألمانيا (دليل 2026)",daribat-kleinunternehmer-almania,"Legal, fiscalite et couts"
287,"ضريبة القيمة المضافة (VAT) على المتاجر الإلكترونية حسب البلد (2026)",daribat-alqima-almudafa-vat,"Legal, fiscalite et couts"
288,"كيف أستقبل الأموال من الخارج في المغرب والجزائر؟ (باي بال وبدائله) 2026",kayfa-astaqbil-alamwal-min-alkharij,"Legal, fiscalite et couts"
289,"كيف تسجّل micro-entreprise لمتجر دروبشيبينغ؟ (دليل 2026)",tasjil-micro-entreprise,"Legal, fiscalite et couts"
290,"كيف تسجّل متجر دروبشيبينغ في بريطانيا؟ (دليل sole trader 2026)",tasjil-matjar-britania-sole-trader,"Legal, fiscalite et couts"
291,"ما هي الوثائق القانونية الضرورية لمتجر إلكتروني؟ 2026",alwathaiq-alqanuniya,"Legal, fiscalite et couts"
292,"مشاكل الدفع الإلكتروني في الجزائر وحلولها العملية 2026",mashakil-addafe-fi-aljazair,"Legal, fiscalite et couts"
293,"هل أحتاج سجلاً تجارياً لأبيع أونلاين في المغرب؟ 2026",hal-ahtaj-sijil-tijari-maghrib,"Legal, fiscalite et couts"
294,"هل أحتاج سجلّاً تجارياً للبيع أونلاين في الكويت؟ (2026)",hal-ahtaj-sijil-tijari-kuwait,"Legal, fiscalite et couts"
295,"هل الدروبشيبينغ قانوني في الدول العربية؟ (نظرة عامّة 2026)",hal-dropshipping-qanuni-arabiya,"Legal, fiscalite et couts"
296,"هل بيع المنتجات المقلدة قانوني؟ المخاطر الحقيقية 2026",hal-baye-almuqallada-qanuni,"Legal, fiscalite et couts"
297,"استراتيجية التوسّع من منتج واحد إلى متجر عام (2026)",istratijiyat-tawassue-matjar-aam,"Creation et optimisation du magasin"
298,"بديل شوبيفاي مجاني للمبتدئين (دليل 2026)",badil-shopify-majani,"Creation et optimisation du magasin"
299,"تحليل متجرك بجوجل أناليتكس: الإعداد وقراءة الأرقام (2026)",tahlil-matjar-google-analytics,"Creation et optimisation du magasin"
300,"كيف أبني فريقاً يدير متجري وأنا أشرف فقط؟ 2026",kayfa-abni-fariqan,"Creation et optimisation du magasin"
301,"كيف أتوسع من بلد واحد إلى عدة أسواق؟ 2026",kayfa-atawassae-ila-aswaq,"Creation et optimisation du magasin"
302,"كيف أربط دومين عربي بمتجر شوبيفاي؟ (خطوة بخطوة 2026)",kayfa-arbit-domain-shopify,"Creation et optimisation du magasin"
303,"كيف أرفع معدّل التحويل في متجري؟ (دليل عملي 2026)",kayfa-arfae-muaddal-attahwil,"Creation et optimisation du magasin"
304,"كيف أصمم صفحة منتج تبيع؟ العناصر الأساسية 2026",kayfa-osammim-safhat-montaj,"Creation et optimisation du magasin"
305,"كيف أصور منتجاتي باحترافية بهاتفي فقط؟ 2026",kayfa-osawwir-montajati-bihatifi,"Creation et optimisation du magasin"
306,"كيف أكتب وصف منتج يقنع الزائر بالشراء؟ 2026",kayfa-aktub-wasf-montaj,"Creation et optimisation du magasin"
307,"كيف تصمّم متجرك الإلكتروني باحتراف؟ (8 أسس 2026)",kayfa-tusammim-matjarak-biihtiraf,"Creation et optimisation du magasin"
308,"كيف تنشئ متجراً إلكترونياً مجانياً؟ (دليل 2026)",kayfa-onshie-matjar-electroni-majani,"Creation et optimisation du magasin"
309,"لماذا يتخلّى الزوار عن السلة قبل الدفع؟ وكيف تستعيدهم؟ 2026",limadha-yatakhalla-azzuwar-aan-assalla,"Creation et optimisation du magasin"
310,"ما هو الـ Landing Page؟ ومتى أحتاجه بدل المتجر؟ 2026",ma-houa-landing-page,"Creation et optimisation du magasin"
311,"متجر جميل بدون مبيعات: التشخيص والعلاج 2026",matjar-jamil-bidun-mabiaat,"Creation et optimisation du magasin"
312,"متجر شوبيفاي جاهز للبيع: هل تشتريه؟ (تحذيرات 2026)",matjar-shopify-jahiz-lilbaye,"Creation et optimisation du magasin"
313,"متى أوظف أول شخص في متجري الإلكتروني؟ 2026",mata-owazzif-awwal-shakhs,"Creation et optimisation du magasin"
314,"من متجر واحد إلى عدة متاجر: استراتيجية التعدد 2026",min-matjar-ila-aiddat-matajir,"Creation et optimisation du magasin"
315,"أهمية القصة في بناء العلامة التجارية (Brand Story) 2026",ahamiyat-alqissa-fil-alama-tijariya,"Marque et dropshipping"
316,"التغليف والباكيجينغ: كيف يضاعف قيمة ماركتك؟ 2026",attaghlif-walbakaging,"Marque et dropshipping"
317,"الدروبشيبينغ من الصين: المشاكل والبدائل 2026",dropshipping-min-assin,"Marque et dropshipping"
318,"الطباعة عند الطلب (Print on Demand) أم الدروبشيبينغ؟ 2026",print-on-demand-am-dropshipping,"Marque et dropshipping"
319,"تسجيل علامة تجارية لمتجرك الإلكتروني: الدليل الكامل 2026",tasjil-alama-tijariya-dalil-kamil,"Marque et dropshipping"
320,"كيف أنشئ لوغو وهوية بصرية لماركتي مجاناً؟ 2026",kayfa-onshie-logo-wahawiya,"Marque et dropshipping"
321,"كيف تبدأ الدروبشيبينغ من الصفر؟ دليل المبتدئ الكامل خطوة بخطوة 2026",kayfa-tabda-dropshipping-lil-mobtadi,"Marque et dropshipping"
322,"كيف تختار اسم متجر إلكتروني جذّاب؟ (8 معايير 2026)",kayfa-akhtar-ism-matjar-jadhab,"Marque et dropshipping"
323,"كيف تسجّل علامة تجارية في السعودية؟ (دليل 2026)",kayfa-asajjil-alama-tijariya-saudi,"Marque et dropshipping"
324,"كيف تسجّل علامة تجارية في مصر؟ (دليل 2026)",tasjil-alama-tijariya-misr,"Marque et dropshipping"
325,"لماذا يفشل أغلب المبتدئين في الدروبشيبينغ الكلاسيكي؟ 2026",limadha-yafshal-almobtadiin-dropshipping,"Marque et dropshipping"
326,"متى أنتقل من الدروبشيبينغ إلى تخزين منتجاتي؟ 2026",mata-antaqil-ila-takhzin,"Marque et dropshipping"
